suburb,postcode,lat,lon,total_patient,population,age
ABBOTSBURY,2176,-33.877538,150.867768,18,4242,40 to 59
ABBOTSFORD,2046,-33.852469,151.129453,14,5366,40 to 59
ACACIA GARDENS,2763,-33.730077,150.906502,17,3786,20 to 39
AGNES BANKS,2753,-33.618877,150.707372,5,919,40 to 59
AIRDS,2560,-34.084468,150.829041,19,2939,5 to 19
ALEXANDRIA,2015,-33.897571,151.195567,11,8266,20 to 39
ALFORDS POINT,2234,-33.993303,151.024751,20,3093,40 to 59
ALLAMBIE HEIGHTS,2100,-33.765076,151.248864,11,7001,40 to 59
ALLAWAH,2218,-33.970018,151.114517,12,5729,20 to 39
AMBARVALE,2560,-34.080467,150.803644,19,7358,20 to 39
ANNANDALE,2038,-33.881435,151.170681,4,9459,20 to 39
ANNANGROVE,2156,-33.657772,150.943505,3,1403,40 to 59
ARCADIA,2159,-33.623101,151.052726,3,1373,40 to 59
ARNCLIFFE,2205,-33.936592,151.146805,8,10593,20 to 39
ARNDELL PARK,2148,-33.787266,150.871959,34,30,20 to 39
ARTARMON,2064,-33.807664,151.189662,5,9527,20 to 39
ASHBURY,2193,-33.901897,151.11932,10,3343,40 to 59
ASHCROFT,2168,-33.917587,150.899095,13,3584,20 to 39
ASHFIELD,2131,-33.889498,151.127444,13,23832,20 to 39
ASQUITH,2077,-33.687484,151.108685,22,3366,40 to 59
AUBURN,2144,-33.849322,151.033421,6,37373,20 to 39
AUSTRAL,2179,-33.933109,150.812031,1,3033,60+
AVALON BEACH,2107,-33.636325,151.330596,6,9906,40 to 59
BADGERYS CREEK,2555,-33.883376,150.741351,0,233,20 to 39
BALGOWLAH,2093,-33.794121,151.26268,12,7980,40 to 59
BALGOWLAH HEIGHTS,2093,-33.800553,151.257401,12,3350,40 to 59
BALMAIN,2041,-33.856498,151.178009,9,10456,40 to 59
BALMAIN EAST,2041,-33.857833,151.190598,9,1934,40 to 59
BANGOR,2234,-34.018876,151.030057,20,5575,40 to 59
BANKSIA,2216,-33.945237,151.140161,13,3380,20 to 39
BANKSMEADOW,2019,-33.95742,151.206715,6,18,60+
BANKSTOWN,2200,-33.919539,151.034909,13,32116,20 to 39
BANKSTOWN AERODROME,2200,-33.920032,150.995041,13,32116,20 to 39
BARDEN RIDGE,2234,-34.032851,151.005396,20,4312,40 to 59
BARDWELL PARK,2207,-33.93207,151.125594,10,2241,40 to 59
BARDWELL VALLEY,2207,-33.935083,151.134686,10,2328,40 to 59
BASS HILL,2197,-33.900608,150.992888,4,9071,20 to 39
BAULKHAM HILLS,2153,-33.758601,150.992887,15,37045,40 to 59
BAYVIEW,2104,-33.66445,151.298945,2,3624,60+
BEACON HILL,2100,-33.752406,151.261272,11,7451,40 to 59
BEACONSFIELD,2015,-33.911613,151.20189,11,978,20 to 39
BEAUMONT HILLS,2155,-33.703416,150.946875,25,9052,40 to 59
BEECROFT,2119,-33.749498,151.064533,9,9392,40 to 59
BELFIELD,2191,-33.902107,151.083553,5,6318,40 to 59
BELLA VISTA,2153,-33.737345,150.95501,15,7823,40 to 59
BELLEVUE HILL,2023,-33.887189,151.258935,35,10709,20 to 39
BELMORE,2192,-33.916035,151.0875,5,12720,20 to 39
BELROSE,2085,-33.739288,151.211439,4,8781,60+
BERALA,2141,-33.871904,151.031033,7,9026,20 to 39
BERKSHIRE PARK,2765,-33.672237,150.79576,7,2138,20 to 39
BEROWRA,2081,-33.623581,151.150117,2,4727,40 to 59
BEROWRA HEIGHTS,2082,-33.610968,151.136829,0,5272,40 to 59
BEROWRA WATERS,2082,-33.601653,151.11837,0,135,60+
BERRILEE,2159,-33.61497,151.095573,3,236,40 to 59
BEVERLEY PARK,2217,-33.975135,151.131345,10,2392,40 to 59
BEVERLY HILLS,2209,-33.954218,151.076364,12,10167,20 to 39
BEXLEY,2207,-33.949135,151.12721,10,19722,20 to 39
BEXLEY NORTH,2207,-33.938306,151.114186,10,4096,40 to 59
BICKLEY VALE,2570,-34.070905,150.666238,16,446,60+
BIDWILL,2770,-33.73024,150.822765,12,4281,5 to 19
BIRCHGROVE,2041,-33.853386,151.180609,9,3302,40 to 59
BIRRONG,2143,-33.89022,151.022398,0,3109,20 to 39
BLACKETT,2770,-33.738507,150.811206,12,3452,20 to 39
BLACKTOWN,2148,-33.770184,150.908501,34,47175,20 to 39
BLAIR ATHOL,2560,-34.063835,150.806007,19,2886,20 to 39
BLAIRMOUNT,2559,-34.049485,150.799611,0,422,20 to 39
BLAKEHURST,2221,-33.988743,151.112314,2,6213,40 to 59
BLIGH PARK,2756,-33.63765,150.79458,12,6362,20 to 39
BONDI,2026,-33.893739,151.262502,113,10043,20 to 39
BONDI BEACH,2026,-33.890542,151.274856,113,11659,20 to 39
BONDI JUNCTION,2022,-33.892324,151.24733,37,9464,20 to 39
BONNET BAY,2226,-34.009518,151.054252,2,2266,40 to 59
BONNYRIGG,2177,-33.888801,150.886505,2,8670,20 to 39
BONNYRIGG HEIGHTS,2177,-33.892667,150.868448,2,7310,40 to 59
BOSSLEY PARK,2176,-33.86626,150.88415,18,14594,40 to 59
BOTANY,2019,-33.94477,151.196528,6,10823,20 to 39
BOW BOWING,2566,-34.015342,150.83682,4,1590,40 to 59
BOX HILL,2765,-33.639115,150.904697,7,905,60+
BRADBURY,2560,-34.086006,150.814016,19,8798,20 to 39
BREAKFAST POINT,2137,-33.841583,151.107502,10,4208,20 to 39
BRINGELLY,2556,-33.945707,150.725207,0,2511,40 to 59
BRONTE,2024,-33.902328,151.263838,17,6718,20 to 39
BROOKLYN,2083,-33.548006,151.22519,0,715,40 to 59
BROOKVALE,2100,-33.766629,151.273824,11,3176,20 to 39
BUNDEENA,2230,-34.085064,151.151259,25,1918,40 to 59
BURRANEER,2230,-34.065063,151.137171,25,3590,40 to 59
BURWOOD,2134,-33.877423,151.103682,5,16011,20 to 39
BURWOOD HEIGHTS,2136,-33.888328,151.103412,0,989,20 to 39
BUSBY,2168,-33.910896,150.875155,13,4306,20 to 39
CABARITA,2137,-33.849081,151.113765,10,1973,60+
CABRAMATTA,2166,-33.89507,150.935889,4,21803,20 to 39
CABRAMATTA WEST,2166,-33.899136,150.917514,4,7237,40 to 59
CAMBRIDGE GARDENS,2747,-33.735558,150.721712,50,2029,20 to 39
CAMBRIDGE PARK,2747,-33.75152,150.725439,50,6716,20 to 39
CAMDEN,2570,-34.054599,150.695678,16,3221,60+
CAMDEN SOUTH,2570,-34.08748,150.695074,16,4524,20 to 39
CAMELLIA,2142,-33.816872,151.022191,7,2637,20 to 39
CAMMERAY,2062,-33.821953,151.21043,8,7017,20 to 39
CAMPBELLTOWN,2560,-34.067441,150.812522,19,12561,20 to 39
CAMPERDOWN,2050,-33.88866,151.177188,5,10352,20 to 39
CAMPSIE,2194,-33.914373,151.103465,4,24539,20 to 39
CANADA BAY,2046,-33.863194,151.116398,14,1255,40 to 59
CANLEY HEIGHTS,2166,-33.883633,150.923895,4,10971,40 to 59
CANLEY VALE,2166,-33.887291,150.943275,4,10214,20 to 39
CANOELANDS,2157,-33.508714,151.061148,0,179,40 to 59
CANTERBURY,2193,-33.910848,151.121145,10,7240,20 to 39
CARINGBAH,2229,-34.04316,151.123102,15,11672,20 to 39
CARLINGFORD,2118,-33.782959,151.047707,9,24401,40 to 59
CARLTON,2218,-33.968523,151.124528,12,10731,20 to 39
CARRAMAR,2163,-33.884558,150.961884,7,3547,20 to 39
CARSS PARK,2221,-33.986556,151.119041,2,1259,40 to 59
CARTWRIGHT,2168,-33.926577,150.890356,13,2386,40 to 59
CASTLE COVE,2069,-33.784165,151.199948,6,2552,40 to 59
CASTLE HILL,2154,-33.732307,151.005616,4,39610,40 to 59
CASTLECRAG,2068,-33.802403,151.212643,15,2944,40 to 59
CASTLEREAGH,2749,-33.668796,150.67655,10,1164,40 to 59
CASULA,2170,-33.94735,150.907753,22,15667,20 to 39
CATHERINE FIELD,2557,-33.993545,150.774858,5,1669,40 to 59
CATTAI,2756,-33.555841,150.909515,12,801,40 to 59
CAWDOR,2570,-34.108691,150.671985,16,432,40 to 59
CECIL HILLS,2171,-33.883696,150.853171,12,7021,40 to 59
CECIL PARK,2178,-33.87478,150.838225,2,769,40 to 59
CHATSWOOD,2067,-33.795617,151.185329,2,24900,20 to 39
CHATSWOOD WEST,2067,-33.796332,151.167142,2,1492,40 to 59
CHELTENHAM,2119,-33.76169,151.079364,9,2249,40 to 59
CHERRYBROOK,2126,-33.722019,151.041806,6,18764,40 to 59
CHESTER HILL,2162,-33.883157,151.001185,5,12823,20 to 39
CHIFLEY,2036,-33.976546,151.240248,12,3225,40 to 59
CHIPPENDALE,2008,-33.886844,151.201715,4,8615,20 to 39
CHIPPING NORTON,2170,-33.916829,150.961662,22,8988,20 to 39
CHISWICK,2046,-33.851437,151.135954,14,2927,20 to 39
CHULLORA,2190,-33.892441,151.055898,3,23212,5 to 19
CHURCH POINT,2105,-33.644873,151.284352,0,983,60+
CLAREMONT MEADOWS,2747,-33.770438,150.752791,50,4782,20 to 39
CLARENDON,2756,-33.614736,150.78198,12,110,40 to 59
CLAREVILLE,2107,-33.634905,151.313321,6,753,60+
CLAYMORE,2559,-34.045524,150.810024,0,2651,5 to 19
CLEMTON PARK,2206,-33.925357,151.103282,6,1655,60+
CLONTARF,2093,-33.808238,151.255095,12,1742,40 to 59
CLOVELLY,2031,-33.912639,151.262021,28,4752,20 to 39
CLYDE,2142,-33.832322,151.019414,7,3,20 to 39
COASTERS RETREAT,2108,-33.6048,151.29883,1,43,60+
COBBITTY,2570,-34.015874,150.691029,16,2062,40 to 59
COLEBEE,2761,-33.730647,150.866046,15,1928,20 to 39
COLLAROY,2097,-33.740969,151.303133,13,7860,20 to 39
COLYTON,2760,-33.776657,150.793433,11,8445,20 to 39
COMO,2226,-34.004186,151.068288,2,3984,40 to 59
CONCORD,2137,-33.857857,151.103502,10,14531,40 to 59
CONCORD WEST,2138,-33.848041,151.087326,4,5910,40 to 59
CONDELL PARK,2200,-33.922034,151.011619,13,11564,20 to 39
CONNELLS POINT,2221,-33.991871,151.089495,2,2816,40 to 59
COOGEE,2034,-33.920491,151.254401,9,15219,20 to 39
CORNWALLIS,2756,-33.592375,150.812216,12,51,40 to 59
COTTAGE POINT,2084,-33.619578,151.203831,3,105,60+
COWAN,2081,-33.589491,151.171015,2,647,40 to 59
CRANEBROOK,2749,-33.71431,150.709986,10,15758,20 to 39
CREMORNE,2090,-33.828131,151.230233,17,11229,20 to 39
CREMORNE POINT,2090,-33.84447,151.228231,17,2409,40 to 59
CROMER,2099,-33.740353,151.278523,20,7584,40 to 59
CRONULLA,2230,-34.051972,151.153662,25,18083,20 to 39
CROWS NEST,2065,-33.82609,151.199192,22,4802,20 to 39
CROYDON,2132,-33.883163,151.114771,3,10608,40 to 59
CROYDON PARK,2133,-33.895299,151.108581,0,11017,40 to 59
CUMBERLAND REACH,2756,-33.455858,150.896276,12,182,40 to 59
CURL CURL,2096,-33.768937,151.294035,14,2419,40 to 59
CURRANS HILL,2567,-34.045179,150.764007,19,5291,20 to 39
CURRAWONG BEACH,2108,-33.597338,151.298367,1,40,60+
DACEYVILLE,2032,-33.928043,151.22513,7,1204,60+
DANGAR ISLAND,2083,-33.539357,151.241762,0,310,40 to 59
DARLING POINT,2027,-33.873808,151.236683,7,4192,60+
DARLINGHURST,2010,-33.879825,151.21956,30,11322,20 to 39
DARLINGTON,2008,-33.891348,151.191243,4,3092,20 to 39
DARLINGTON,2330,-32.558283,151.159556,3,374,20 to 39
DAVIDSON,2085,-33.738731,151.194197,4,2841,40 to 59
DAWES POINT,2000,-33.855601,151.20822,18,359,40 to 59
DEAN PARK,2761,-33.73616,150.860027,15,3226,20 to 39
DEE WHY,2099,-33.753451,151.28554,20,21518,20 to 39
DENHAM COURT,2565,-33.990081,150.844653,3,1982,20 to 39
DENISTONE,2114,-33.799441,151.07959,12,3750,40 to 59
DENISTONE EAST,2112,-33.797177,151.097546,11,2246,40 to 59
DENISTONE WEST,2114,-33.802382,151.066085,12,935,40 to 59
DHARRUK,2770,-33.743232,150.816642,12,2765,20 to 39
DOLANS BAY,2229,-34.05968,151.126746,15,602,40 to 59
DOLLS POINT,2219,-33.993495,151.146801,7,1658,40 to 59
DOONSIDE,2767,-33.765071,150.86929,11,13461,20 to 39
DOUBLE BAY,2028,-33.87906,151.243095,3,4636,20 to 39
DOVER HEIGHTS,2030,-33.874405,151.280416,19,3799,40 to 59
DRUMMOYNE,2047,-33.851056,151.154542,3,11941,20 to 39
DUFFYS FOREST,2084,-33.676775,151.199879,3,474,40 to 59
DULWICH HILL,2203,-33.904689,151.138774,4,13712,20 to 39
DUNDAS,2117,-33.799405,151.044189,6,4729,20 to 39
DUNDAS VALLEY,2117,-33.78724,151.061185,6,5402,20 to 39
DURAL,2158,-33.681875,151.028435,3,7560,40 to 59
EAGLE VALE,2558,-34.037882,150.814153,5,5794,20 to 39
EARLWOOD,2206,-33.92651,151.12648,6,17744,40 to 59
EAST HILLS,2213,-33.963359,150.986695,6,3205,40 to 59
EAST KILLARA,2071,-33.753498,151.170003,4,2979,40 to 59
EAST KURRAJONG,2758,-33.514481,150.764601,4,2202,40 to 59
EAST LINDFIELD,2070,-33.766415,151.186095,10,3731,40 to 59
EAST RYDE,2113,-33.813769,151.140289,22,2440,40 to 59
EASTERN CREEK,2766,-33.803114,150.852192,7,824,20 to 39
EASTGARDENS,2036,-33.946043,151.223301,12,858,60+
EASTLAKES,2018,-33.925133,151.213199,11,6922,20 to 39
EASTWOOD,2122,-33.789986,151.080914,25,17852,20 to 39
EBENEZER,2756,-33.52466,150.881372,12,984,40 to 59
EDENSOR PARK,2176,-33.877057,150.875292,18,9764,40 to 59
EDGECLIFF,2027,-33.878586,151.235106,7,2576,20 to 39
ELANORA HEIGHTS,2101,-33.695015,151.280156,9,4353,40 to 59
ELDERSLIE,2335,-32.591783,151.332509,1,112,40 to 59
ELDERSLIE,2570,-34.059038,150.711427,16,6020,20 to 39
ELIZABETH BAY,2011,-33.872829,151.226593,30,5218,20 to 39
ELLIS LANE,2570,-34.040061,150.672006,16,837,40 to 59
ELVINA BAY,2105,-33.642011,151.276109,0,79,40 to 59
EMERTON,2770,-33.742855,150.808263,12,2251,20 to 39
EMU HEIGHTS,2750,-33.735636,150.650321,27,3282,40 to 59
EMU PLAINS,2750,-33.754097,150.653269,27,8411,60+
ENFIELD,2136,-33.886854,151.092425,0,2825,20 to 39
ENGADINE,2233,-34.065716,151.012663,13,17373,40 to 59
ENGLORIE PARK,2560,-34.082052,150.795131,19,417,20 to 39
ENMORE,2042,-33.899362,151.171098,9,3886,20 to 39
ENMORE,2350,-30.721541,151.731619,4,51,60+
ENMORE,2042,-30.721541,151.731619,1,3880,20 to 39
EPPING,2121,-33.772549,151.082365,4,23692,20 to 39
ERMINGTON,2115,-33.814144,151.054495,4,10735,20 to 39
ERSKINE PARK,2759,-33.807618,150.789313,10,6443,40 to 59
ERSKINEVILLE,2043,-33.902234,151.186192,6,8001,20 to 39
ESCHOL PARK,2558,-34.031357,150.80968,5,2565,20 to 39
EVELEIGH,2015,-33.897075,151.19113,11,667,20 to 39
FAIRFIELD,2165,-33.868529,150.955512,4,18078,20 to 39
FAIRFIELD EAST,2165,-33.869449,150.977528,4,5273,20 to 39
FAIRFIELD HEIGHTS,2165,-33.864603,150.938451,4,7524,20 to 39
FAIRFIELD WEST,2165,-33.868955,150.922057,4,11561,20 to 39
FAIRLIGHT,2094,-33.794163,151.273978,6,5839,20 to 39
FIDDLETOWN,2159,-33.602321,151.055702,3,241,40 to 59
FIVE DOCK,2046,-33.866368,151.130136,14,9362,40 to 59
FOREST GLEN,2157,-33.549519,151.012846,0,69,60+
FOREST LODGE,2037,-33.881215,151.181127,4,4584,20 to 39
FORESTVILLE,2087,-33.762011,151.21406,6,8323,40 to 59
FREEMANS REACH,2756,-33.545429,150.794878,12,1969,40 to 59
FRENCHS FOREST,2086,-33.750964,151.226036,6,13481,40 to 59
GALSTON,2159,-33.652661,151.043059,3,3143,40 to 59
GEORGES HALL,2198,-33.912851,150.982469,2,9041,20 to 39
GILEAD,2560,-34.107035,150.761815,19,413,60+
GIRRAWEEN,2145,-33.799843,150.947276,42,5577,20 to 39
GLADESVILLE,2111,-33.832894,151.126964,12,11825,40 to 59
GLEBE,2037,-33.880815,151.187791,4,11537,20 to 39
GLEN ALPINE,2560,-34.084184,150.775275,19,4566,40 to 59
GLENDENNING,2761,-33.739075,150.855174,15,5135,20 to 39
GLENFIELD,2167,-33.971305,150.894517,0,9639,20 to 39
GLENHAVEN,2156,-33.703218,151.006899,3,6501,60+
GLENMORE PARK,2745,-33.790683,150.6693,13,23005,20 to 39
GLENORIE,2157,-33.620011,151.023035,0,3497,40 to 59
GLENWOOD,2768,-33.737863,150.922732,3,16135,40 to 59
GLOSSODIA,2756,-33.535657,150.765856,12,2815,20 to 39
GORDON,2072,-33.757349,151.155678,7,7679,40 to 59
GRANVILLE,2142,-33.835887,151.01064,7,15332,20 to 39
GRASMERE,2570,-34.056293,150.67317,16,1981,60+
GRAYS POINT,2232,-34.05884,151.081652,18,3113,40 to 59
GREAT MACKEREL BEACH,2108,-33.591729,151.300451,1,36,60+
GREEN VALLEY,2168,-33.903526,150.86636,13,12518,40 to 59
GREENACRE,2190,-33.906744,151.057271,3,24372,20 to 39
GREENDALE,2550,-36.600111,149.852112,1,66,40 to 59
GREENDALE,2745,-33.904792,150.646795,13,354,40 to 59
GREENFIELD PARK,2176,-33.872187,150.889408,18,5100,40 to 59
GREENWICH,2065,-33.831958,151.186129,22,5618,20 to 39
GREYSTANES,2145,-33.829667,150.951452,42,22796,20 to 39
GROSE VALE,2753,-33.584089,150.672944,5,1270,40 to 59
GROSE WOLD,2753,-33.602392,150.688628,5,633,40 to 59
GUILDFORD,2161,-33.853984,150.985958,8,22342,20 to 39
GUILDFORD WEST,2161,-33.851099,150.972299,8,4919,20 to 39
GYMEA,2227,-34.033142,151.085421,6,7577,40 to 59
GYMEA BAY,2227,-34.048156,151.086087,6,6878,40 to 59
HABERFIELD,2045,-33.880496,151.138839,1,6469,40 to 59
HAMMONDVILLE,2170,-33.948113,150.953727,22,3487,60+
HARRINGTON PARK,2567,-34.023239,150.742232,19,10653,40 to 59
HARRIS PARK,2150,-33.822427,151.008961,5,5797,20 to 39
HASSALL GROVE,2761,-33.733813,150.834277,15,4510,40 to 59
HAYMARKET,2000,-33.880777,151.202796,18,7341,20 to 39
HEATHCOTE,2233,-34.079112,151.008619,13,5998,40 to 59
HEBERSHAM,2770,-33.743504,150.822682,12,5686,20 to 39
HECKENBERG,2168,-33.911083,150.889921,13,3082,20 to 39
HENLEY,2111,-33.842216,151.135943,12,470,40 to 59
HILLSDALE,2036,-33.952685,151.231341,12,5494,20 to 39
HINCHINBROOK,2168,-33.916611,150.863863,13,11203,40 to 59
HOBARTVILLE,2753,-33.601557,150.735673,5,2761,20 to 39
HOLROYD,2142,-33.829836,150.993334,7,1284,20 to 39
HOLSWORTHY,2173,-33.950403,150.949972,1,5481,20 to 39
HOMEBUSH,2140,-33.859654,151.081847,5,6991,20 to 39
HOMEBUSH WEST,2140,-33.866788,151.069369,5,8607,20 to 39
HORNINGSEA PARK,2171,-33.945088,150.842975,12,3733,40 to 59
HORNSBY,2077,-33.704748,151.098696,22,22173,20 to 39
HORNSBY HEIGHTS,2077,-33.670086,151.095503,22,6290,40 to 59
HORSLEY PARK,2175,-33.845034,150.848192,0,1861,40 to 59
HOXTON PARK,2171,-33.92678,150.857888,12,4354,20 to 39
HUNTERS HILL,2110,-33.83484,151.154196,10,9525,40 to 59
HUNTINGWOOD,2148,-33.797537,150.879863,34,15,60+
HUNTLEYS COVE,2111,-33.839798,151.144587,12,745,60+
HUNTLEYS POINT,2111,-33.840088,151.145968,12,138,40 to 59
HURLSTONE PARK,2193,-33.909964,151.13224,10,4682,40 to 59
HURSTVILLE,2220,-33.965923,151.101184,9,29829,20 to 39
HURSTVILLE GROVE,2220,-33.980653,151.091136,9,2678,40 to 59
ILLAWONG,2234,-33.998018,151.042591,20,7262,40 to 59
INGLEBURN,2565,-33.998718,150.866344,3,15046,20 to 39
INGLESIDE,2101,-33.683176,151.262322,9,986,40 to 59
JAMISONTOWN,2750,-33.766193,150.67951,27,5480,20 to 39
KANGAROO POINT,2224,-33.997972,151.096235,7,549,40 to 59
KAREELA,2232,-34.014668,151.082733,18,3456,60+
KEARNS,2558,-34.021321,150.803211,5,2756,40 to 59
KELLYVILLE,2155,-33.712415,150.958009,25,27976,40 to 59
KELLYVILLE RIDGE,2155,-33.700104,150.92865,25,10471,20 to 39
KEMPS CREEK,2178,-33.88013,150.790485,2,2274,40 to 59
KENSINGTON,2033,-33.912997,151.219017,8,14985,20 to 39
KENTHURST,2156,-33.661023,151.005034,3,5035,40 to 59
KENTLYN,2560,-34.073171,150.85743,19,746,60+
KILLARA,2071,-33.766376,151.162047,4,10573,40 to 59
KILLARNEY HEIGHTS,2087,-33.773728,151.216125,6,4477,40 to 59
KINGS LANGLEY,2147,-33.742079,150.922711,12,9365,40 to 59
KINGS PARK,2148,-33.745736,150.904598,34,3456,20 to 39
KINGSFORD,2032,-33.924922,151.227811,7,15481,20 to 39
KINGSGROVE,2208,-33.939481,151.098941,2,12449,40 to 59
KINGSWOOD,2340,-31.16588,150.919441,12,1042,40 to 59
KINGSWOOD,2550,-36.738556,149.81742,1,6,40 to 59
KINGSWOOD,2747,-33.759967,150.72046,50,9297,20 to 39
KIRKHAM,2570,-34.038536,150.71674,16,701,40 to 59
KIRRAWEE,2232,-34.033743,151.071196,18,9286,60+
KIRRIBILLI,2061,-33.846275,151.212705,3,3826,20 to 39
KOGARAH,2217,-33.963107,151.133462,10,15126,20 to 39
KOGARAH BAY,2217,-33.979117,151.123296,10,2018,40 to 59
KURMOND,2757,-33.549452,150.701116,1,859,40 to 59
KURNELL,2231,-34.008487,151.204879,1,2271,40 to 59
KURRAJONG,2758,-33.546749,150.660686,4,3062,40 to 59
KURRAJONG HILLS,2758,-33.541464,150.639331,4,663,40 to 59
KYEEMAGH,2216,-33.951452,151.159943,13,907,60+
KYLE BAY,2221,-33.991238,151.098301,2,1041,40 to 59
LA PEROUSE,2036,-33.989634,151.231507,12,407,40 to 59
LAKEMBA,2195,-33.920457,151.075921,5,17031,20 to 39
LALOR PARK,2147,-33.761339,150.930337,12,7662,20 to 39
LANE COVE,2066,-33.814599,151.168722,16,10817,20 to 39
LANE COVE NORTH,2066,-33.807556,151.170912,16,11442,20 to 39
LANE COVE WEST,2066,-33.806246,151.153281,16,2625,40 to 59
LANSDOWNE,2163,-33.893687,150.971005,7,14,20 to 39
LANSDOWNE,2430,-31.782989,152.534579,16,596,60+
LANSVALE,2166,-33.89733,150.952786,4,2554,40 to 59
LAUGHTONDALE,2775,-33.410229,151.024592,0,81,40 to 59
LAVENDER BAY,2060,-33.84307,151.208015,11,956,20 to 39
LEETS VALE,2775,-33.427708,150.948095,0,57,60+
LEICHHARDT,2040,-33.883793,151.157057,11,14625,20 to 39
LEONAY,2750,-33.759156,150.652318,27,2503,40 to 59
LEPPINGTON,2179,-33.964333,150.81727,1,3501,20 to 39
LETHBRIDGE PARK,2770,-33.736938,150.799824,12,4730,20 to 39
LEUMEAH,2560,-34.052285,150.833396,19,9826,20 to 39
LEWISHAM,2049,-33.894902,151.144413,4,3161,20 to 39
LIBERTY GROVE,2138,-33.841665,151.083609,4,2254,20 to 39
LIDCOMBE,2141,-33.865218,151.043519,7,19620,20 to 39
LILLI PILLI,2229,-34.069836,151.114032,15,1378,40 to 59
LILLI PILLI,2536,-35.773317,150.225056,5,618,60+
LILYFIELD,2040,-33.872991,151.165788,11,7611,40 to 59
LINDFIELD,2070,-33.776441,151.168736,10,9774,40 to 59
LINLEY POINT,2066,-33.826777,151.148251,16,352,40 to 59
LITTLE BAY,2036,-33.981177,151.243206,12,4474,20 to 39
LIVERPOOL,2170,-33.92505,150.924429,22,27107,20 to 39
LLANDILO,2747,-33.708904,150.756773,50,1640,40 to 59
LOFTUS,2232,-34.048075,151.051176,18,4135,40 to 59
LONDONDERRY,2753,-33.645188,150.73698,5,3896,40 to 59
LONG POINT,2330,-32.568903,151.109612,3,35,40 to 59
LONG POINT,2564,-34.016437,150.898579,5,188,60+
LONG POINT,2564,-34.011944,150.896944,11,193,20 to 39
LONGUEVILLE,2066,-33.833096,151.165342,16,2082,40 to 59
LOVETT BAY,2105,-33.637405,151.278429,0,141,40 to 59
LOWER PORTLAND,2756,-33.451409,150.865871,12,586,40 to 59
LUCAS HEIGHTS,2234,-34.047985,150.988369,20,10529,60+
LUDDENHAM,2745,-33.883725,150.693079,13,1814,40 to 59
LUGARNO,2210,-33.982956,151.046942,21,5616,40 to 59
LURNEA,2170,-33.931947,150.896105,22,9333,20 to 39
MACQUARIE FIELDS,2564,-33.989471,150.882626,5,13728,20 to 39
MACQUARIE LINKS,2565,-33.982185,150.867561,3,1373,40 to 59
MACQUARIE PARK,2113,-33.779795,151.134041,22,8153,20 to 39
MAIANBAR,2230,-34.081826,151.129788,25,498,40 to 59
MALABAR,2036,-33.965376,151.245969,12,5423,40 to 59
MANLY,2095,-33.797144,151.28804,20,15854,20 to 39
MANLY VALE,2093,-33.784036,151.267315,12,6166,20 to 39
MARAYLYA,2765,-33.58198,150.90695,7,1240,40 to 59
MARAYONG,2148,-33.746168,150.898338,34,7727,20 to 39
MAROOTA,2756,-33.473024,150.970972,12,634,40 to 59
MAROUBRA,2035,-33.946123,151.242818,22,30681,20 to 39
MARRICKVILLE,2204,-33.910923,151.157187,10,26607,20 to 39
MARSDEN PARK,2765,-33.697585,150.832318,7,1009,60+
MARSFIELD,2122,-33.783971,151.094241,25,13293,20 to 39
MASCOT,2020,-33.931189,151.19431,12,14759,20 to 39
MATRAVILLE,2036,-33.957549,151.230846,12,9812,40 to 59
MAYS HILL,2145,-33.82066,150.990511,42,762,20 to 39
MCGRATHS HILL,2756,-33.613435,150.840222,12,2550,40 to 59
MCMAHONS POINT,2060,-33.84464,151.20425,11,2283,20 to 39
MEADOWBANK,2114,-33.815912,151.090715,12,4406,20 to 39
MELROSE PARK,2114,-33.816575,151.076089,12,1576,40 to 59
MENAI,2234,-34.012564,151.014645,20,10321,40 to 59
MENANGLE PARK,2563,-34.100121,150.757016,0,258,20 to 39
MERRYLANDS,2160,-33.836381,150.989219,6,29660,20 to 39
MERRYLANDS WEST,2160,-33.832864,150.972036,6,6596,20 to 39
MIDDLE COVE,2068,-33.794087,151.207975,15,1327,40 to 59
MIDDLE DURAL,2158,-33.648471,151.021276,3,1011,60+
MIDDLETON GRANGE,2171,-33.914093,150.843547,12,5181,20 to 39
MILLERS POINT,2000,-33.858315,151.203519,18,1494,40 to 59
MILPERRA,2214,-33.937834,150.989263,0,3938,40 to 59
MILSONS PASSAGE,2083,-33.518967,151.176541,0,16,60+
MILSONS POINT,2061,-33.847526,151.211568,3,2166,20 to 39
MINCHINBURY,2770,-33.781673,150.813667,12,5626,20 to 39
MINTO,2566,-34.032022,150.848208,4,12560,20 to 39
MINTO HEIGHTS,2566,-34.037543,150.871353,4,365,60+
MIRANDA,2228,-34.034014,151.100428,6,15269,20 to 39
MONA VALE,2103,-33.67707,151.300316,5,10668,60+
MONTEREY,2217,-33.973068,151.150983,10,4539,40 to 59
MOORE PARK,2021,-33.893632,151.219357,23,18,20 to 39
MOOREBANK,2170,-33.933805,150.953602,22,9739,20 to 39
MORNING BAY,2108,-33.623044,151.281623,1,302,60+
MORTDALE,2223,-33.972239,151.075391,3,10415,20 to 39
MORTLAKE,2137,-33.843435,151.10698,10,1043,20 to 39
MOSMAN,2088,-33.829077,151.24409,41,28470,40 to 59
MOUNT ANNAN,2567,-34.054864,150.764158,19,11696,40 to 59
MOUNT COLAH,2079,-33.664817,151.117161,1,7093,40 to 59
MOUNT DRUITT,2770,-33.766434,150.816989,12,16730,20 to 39
MOUNT LEWIS,2190,-33.917157,151.047838,3,1194,20 to 39
MOUNT LEWIS,2200,-33.917157,151.047838,13,1191,20 to 39
MOUNT PRITCHARD,2170,-33.894817,150.90304,22,9960,20 to 39
MOUNT VERNON,2178,-33.862377,150.807887,2,1188,40 to 59
MULGOA,2745,-33.838167,150.683371,13,1898,40 to 59
MULGRAVE,2756,-33.626053,150.829912,12,76,5 to 19
NARELLAN VALE,2567,-34.055271,150.74408,19,7188,40 to 59
NAREMBURN,2065,-33.817299,151.20116,22,5885,20 to 39
NARRABEEN,2101,-33.723127,151.287366,9,8194,60+
NARRAWEENA,2099,-33.749912,151.274687,20,6625,40 to 59
NARWEE,2209,-33.948609,151.069628,12,5622,20 to 39
NELSON,2550,-36.675498,149.971179,1,8,5 to 19
NELSON,2765,-33.652795,150.915685,7,444,60+
NEUTRAL BAY,2089,-33.83112,151.221232,9,10478,20 to 39
NEWINGTON,2127,-33.839276,151.054828,5,5798,20 to 39
NEWPORT,2106,-33.659896,151.309312,5,9283,40 to 59
NEWTOWN,2042,-33.896449,151.180013,9,15027,20 to 39
NORMANHURST,2076,-33.720999,151.097331,11,5280,40 to 59
NORTH BALGOWLAH,2093,-33.787074,151.251721,12,3653,40 to 59
NORTH BONDI,2026,-33.8857,151.279788,113,9162,20 to 39
NORTH CURL CURL,2099,-33.761652,151.295691,20,4108,40 to 59
NORTH EPPING,2121,-33.759777,151.087742,4,4538,40 to 59
NORTH MANLY,2100,-33.775702,151.269339,11,3074,40 to 59
NORTH NARRABEEN,2101,-33.702661,151.293622,9,5864,40 to 59
NORTH PARRAMATTA,2151,-33.798043,151.010707,5,13253,20 to 39
NORTH RICHMOND,2754,-33.582355,150.721891,3,4983,40 to 59
NORTH ROCKS,2151,-33.768119,151.02854,5,7978,40 to 59
NORTH RYDE,2113,-33.79677,151.124355,22,10867,40 to 59
NORTH ST MARYS,2760,-33.776502,150.781319,11,3903,20 to 39
NORTH STRATHFIELD,2137,-33.85746,151.091954,10,4748,20 to 39
NORTH SYDNEY,2055,-33.802837,151.104935,0,7707,20 to 39
NORTH SYDNEY,2060,-33.838265,151.206481,11,7713,20 to 39
NORTH TURRAMURRA,2074,-33.713419,151.147146,14,4269,60+
NORTH WILLOUGHBY,2068,-33.793089,151.195787,15,4173,40 to 59
NORTH WAHROONGA,2076,-33.702704,151.123179,11,1975,40 to 59
NORTHBRIDGE,2063,-33.815028,151.222266,1,6331,40 to 59
NORTHMEAD,2152,-33.783849,150.994336,5,11216,20 to 39
NORTHWOOD,2066,-33.829732,151.177751,16,987,40 to 59
OAKHURST,2761,-33.744048,150.834819,15,6959,20 to 39
OAKVILLE,2765,-33.622562,150.862154,7,1969,40 to 59
OATLANDS,2117,-33.796298,151.026314,6,5661,40 to 59
OATLEY,2223,-33.981428,151.082765,3,10491,40 to 59
OLD GUILDFORD,2161,-33.867084,150.988073,8,2667,20 to 39
OLD TOONGABBIE,2146,-33.792713,150.974108,0,3126,40 to 59
ORAN PARK,2570,-34.006941,150.723908,16,4762,20 to 39
ORCHARD HILLS,2748,-33.779331,150.716312,1,1890,40 to 59
OXFORD FALLS,2100,-33.730197,151.248218,11,143,60+
OXLEY PARK,2760,-33.771261,150.79264,11,3100,20 to 39
OYSTER BAY,2225,-34.006894,151.081067,5,5479,40 to 59
PADDINGTON,2021,-33.885032,151.226475,23,12922,20 to 39
PADSTOW,2211,-33.953915,151.038163,6,13313,40 to 59
PADSTOW HEIGHTS,2211,-33.971073,151.030955,6,3537,60+
PAGEWOOD,2035,-33.940108,151.228411,22,3792,40 to 59
PALM BEACH,2108,-33.604282,151.321419,1,1586,60+
PANANIA,2213,-33.95613,150.998047,6,12418,40 to 59
PARKLEA,2768,-33.728123,150.923807,3,3477,20 to 39
PARRAMATTA,2150,-33.816957,151.003451,5,25793,20 to 39
PEAKHURST,2210,-33.959715,151.062187,21,10548,60+
PEAKHURST HEIGHTS,2210,-33.968127,151.057596,21,2345,60+
PEMULWUY,2145,-33.821944,150.923752,42,5013,20 to 39
PENDLE HILL,2145,-33.801912,150.955614,42,7244,20 to 39
PENNANT HILLS,2120,-33.738681,151.071433,13,7296,40 to 59
PENRITH,2750,-33.744073,150.69602,27,13300,20 to 39
PENSHURST,2222,-33.963346,151.086744,0,12800,20 to 39
PETERSHAM,2049,-33.896242,151.154136,4,8096,20 to 39
PHILLIP BAY,2036,-33.980556,151.236692,12,702,40 to 59
PICNIC POINT,2213,-33.979303,151.000056,6,6148,40 to 59
PITT TOWN,2756,-33.586184,150.860081,12,3036,40 to 59
PITT TOWN BOTTOMS,2756,-33.596291,150.841424,12,107,40 to 59
PLEASURE POINT,2172,-33.966909,150.98764,1,517,40 to 59
PLUMPTON,2761,-33.751432,150.841204,15,9193,20 to 39
POINT PIPER,2027,-33.870083,151.252329,7,1424,60+
PORT BOTANY,2036,-33.966245,151.225013,12,8790,60+
PORT HACKING,2229,-34.067503,151.122449,15,1097,5 to 19
POTTS HILL,2143,-33.898247,151.031087,0,876,20 to 39
POTTS POINT,2011,-33.869026,151.225603,30,9421,20 to 39
PRAIRIEWOOD,2176,-33.867342,150.90213,18,3254,40 to 59
PRESTONS,2170,-33.942903,150.872145,22,15308,40 to 59
PROSPECT,2148,-33.801553,150.916198,34,4726,20 to 39
PUNCHBOWL,2196,-33.925686,151.054635,5,20242,20 to 39
PUNCHBOWL,2460,-29.494599,152.795221,3,289,60+
PUTNEY,2112,-33.824735,151.112549,11,4105,40 to 59
PYMBLE,2073,-33.74414,151.141103,6,11040,40 to 59
PYRMONT,2009,-33.869709,151.19393,9,12832,20 to 39
QUAKERS HILL,2763,-33.728356,150.881177,17,27077,20 to 39
QUEENS PARK,2022,-33.903188,151.247205,37,3065,40 to 59
QUEENSCLIFF,2096,-33.784595,151.287817,14,3365,20 to 39
RABY,2566,-34.021071,150.811347,4,5936,20 to 39
RAMSGATE,2217,-33.984683,151.139847,10,1113,40 to 59
RAMSGATE BEACH,2217,-33.981114,151.1483,10,1661,60+
RANDWICK,2031,-33.913164,151.241993,28,29994,20 to 39
REDFERN,2016,-33.892778,151.203901,7,13231,20 to 39
REGENTS PARK,2143,-33.883928,151.023796,0,4911,20 to 39
REGENTVILLE,2745,-33.773649,150.669102,13,810,40 to 59
REVESBY,2212,-33.951507,151.017247,4,14189,20 to 39
REVESBY HEIGHTS,2212,-33.968802,151.015063,4,1662,40 to 59
RHODES,2138,-33.830764,151.088105,4,11920,20 to 39
RICHMOND,2753,-33.597753,150.75289,5,5499,20 to 39
RICHMOND LOWLANDS,2753,-33.568631,150.757565,5,32,40 to 59
RIVERSTONE,2765,-33.679382,150.861595,7,7238,20 to 39
RIVERVIEW,2066,-33.825587,151.159934,16,3340,5 to 19
RIVERVIEW,2404,-29.904643,150.687307,0,3347,5 to 19
RIVERWOOD,2210,-33.949859,151.052469,21,12104,20 to 39
ROCKDALE,2216,-33.952747,151.137624,13,15521,20 to 39
RODD POINT,2046,-33.868208,151.141652,14,1405,40 to 59
ROOKWOOD,2141,-33.866398,151.058147,7,8,60+
ROOTY HILL,2766,-33.77155,150.843922,7,14705,20 to 39
ROPES CROSSING,2760,-33.77448,150.810841,11,6172,20 to 39
ROSE BAY,2029,-33.866555,151.280456,11,10040,20 to 39
ROSEBERY,2018,-33.920412,151.203107,11,10119,20 to 39
ROSEHILL,2142,-33.819992,151.024558,7,3795,20 to 39
ROSELANDS,2196,-33.933167,151.073197,5,11589,20 to 39
ROSEMEADOW,2560,-34.101795,150.800106,19,7835,20 to 39
ROSEVILLE,2069,-33.784635,151.177111,6,10088,40 to 59
ROSEVILLE CHASE,2069,-33.778902,151.195195,6,1610,40 to 59
ROSSMORE,2557,-33.945965,150.772763,5,2293,40 to 59
ROUSE HILL,2155,-33.682068,150.915397,25,7971,40 to 59
ROZELLE,2039,-33.863063,151.170573,5,8720,20 to 39
RUSE,2560,-34.069283,150.844069,19,5585,20 to 39
RUSHCUTTERS BAY,2011,-33.87624,151.228614,30,2545,20 to 39
RUSSELL LEA,2046,-33.86072,151.140711,14,4999,40 to 59
RYDALMERE,2116,-33.811244,151.034464,4,6657,40 to 59
RYDE,2112,-33.812953,151.104942,11,26507,20 to 39
SACKVILLE,2756,-33.502935,150.875982,12,294,40 to 59
SACKVILLE NORTH,2756,-33.489441,150.926902,12,316,40 to 59
SADLEIR,2168,-33.920629,150.890212,13,3137,5 to 19
SANDRINGHAM,2219,-33.998763,151.139252,7,1236,40 to 59
SANDY POINT,2172,-33.975419,150.993967,1,591,40 to 59
SANS SOUCI,2219,-33.990614,151.133074,7,10296,40 to 59
SCHEYVILLE,2756,-33.61069,150.88031,12,3,40 to 59
SCHOFIELDS,2762,-33.697217,150.888428,0,4977,20 to 39
SCOTLAND ISLAND,2105,-33.641752,151.290116,0,582,40 to 59
SEAFORTH,2092,-33.797106,151.251146,8,7133,40 to 59
SEFTON,2162,-33.885501,151.011469,5,5812,20 to 39
SEVEN HILLS,2147,-33.775477,150.934257,12,19308,20 to 39
SHALVEY,2770,-33.729373,150.808375,12,3462,20 to 39
SHANES PARK,2747,-33.711305,150.783287,50,404,40 to 59
SILVERWATER,2128,-33.835928,151.047591,1,4159,20 to 39
SILVERWATER,2264,-33.101384,151.56199,5,297,60+
SINGLETONS MILL,2775,-33.463598,151.075938,0,3,20 to 39
SMEATON GRANGE,2567,-34.039104,150.756685,19,8,20 to 39
SMITHFIELD,2164,-33.853546,150.940431,4,11977,20 to 39
SOUTH HURSTVILLE,2221,-33.977595,151.104909,2,5135,20 to 39
SOUTH MAROOTA,2756,-33.52308,150.948575,12,547,40 to 59
SOUTH PENRITH,2750,-33.767176,150.703837,27,11785,20 to 39
SOUTH TURRAMURRA,2074,-33.746027,151.113441,14,3083,40 to 59
SOUTH WENTWORTHVILLE,2145,-33.823892,150.969376,42,6212,20 to 39
SOUTH WINDSOR,2756,-33.620168,150.804452,12,5887,20 to 39
SPRING FARM,2570,-34.070247,150.727716,16,4295,20 to 39
ST CLAIR,2330,-32.341363,151.294669,3,6,40 to 59
ST CLAIR,2759,-33.794362,150.790261,10,19894,20 to 39
ST HELENS PARK,2560,-34.112264,150.798121,19,6609,20 to 39
ST IVES,2075,-33.730601,151.158551,14,17295,40 to 59
ST IVES CHASE,2075,-33.707895,151.163446,14,3163,40 to 59
ST JOHNS PARK,2176,-33.885824,150.905403,18,6120,60+
ST LEONARDS,2065,-33.823248,151.195504,22,5488,20 to 39
ST MARYS,2760,-33.76676,150.774015,11,12197,20 to 39
ST PETERS,2044,-33.911062,151.180126,8,3143,20 to 39
STANHOPE GARDENS,2768,-33.711215,150.933621,3,9171,20 to 39
STANMORE,2048,-33.897351,151.16535,2,7950,20 to 39
STRATHFIELD,2135,-33.873913,151.093993,13,25803,20 to 39
STRATHFIELD SOUTH,2136,-33.891711,151.082992,0,3542,20 to 39
SUMMER HILL,2130,-33.891712,151.137258,3,7315,20 to 39
SUMMER HILL,2287,-32.478428,151.519413,17,7315,20 to 39
SURRY HILLS,2010,-33.888821,151.213328,30,16408,20 to 39
SUTHERLAND,2232,-34.031432,151.057965,18,10818,20 to 39
SYDENHAM,2044,-33.915222,151.166104,8,1149,20 to 39
SYLVANIA,2224,-34.008075,151.105104,7,10489,60+
SYLVANIA WATERS,2224,-34.019802,151.115847,7,3159,40 to 59
TAMARAMA,2026,-33.897439,151.271839,113,1627,20 to 39
TAREN POINT,2229,-34.012545,151.125456,15,1732,60+
TELOPEA,2117,-33.795986,151.045106,6,5426,20 to 39
TEMPE,2044,-33.924777,151.160747,8,3548,20 to 39
TENNYSON,2754,-33.536388,150.736946,3,385,60+
TENNYSON POINT,2111,-33.831448,151.117286,12,1227,40 to 59
TERREY HILLS,2084,-33.683644,151.22847,3,3034,40 to 59
THE PONDS,2769,-34.054326,150.753104,4,11715,20 to 39
THE ROCKS,2000,-33.859251,151.208782,18,773,20 to 39
THE SLOPES,2754,-33.532102,150.708405,3,344,40 to 59
THORNLEIGH,2120,-33.730816,151.081226,13,8461,40 to 59
TOONGABBIE,2146,-33.788942,150.950644,0,14345,20 to 39
TREGEAR,2770,-33.751082,150.795678,12,3885,20 to 39
TURRAMURRA,2074,-33.733244,151.129809,14,11926,40 to 59
TURRELLA,2205,-33.929963,151.140643,8,2522,20 to 39
ULTIMO,2007,-33.878416,151.197272,9,8831,20 to 39
VARROVILLE,2566,-34.010255,150.822979,4,106,60+
VAUCLUSE,2030,-33.859047,151.278434,19,9335,40 to 59
VILLAWOOD,2163,-33.883679,150.976468,7,6026,20 to 39
VOYAGER POINT,2172,-33.964547,150.97238,1,1674,40 to 59
WAHROONGA,2076,-33.716405,151.118119,11,17367,40 to 59
WAITARA,2077,-33.709541,151.104136,22,5944,20 to 39
WAKELEY,2176,-33.873966,150.90888,18,4750,20 to 39
WALLACIA,2745,-33.865179,150.640418,13,1627,40 to 59
WAREEMBA,2046,-33.856828,151.130728,14,1555,40 to 59
WARRAWEE,2074,-33.722839,151.126134,14,2982,40 to 59
WARRIEWOOD,2102,-33.686265,151.29908,7,7497,40 to 59
WARWICK FARM,2170,-33.913423,150.932752,22,5867,20 to 39
WATERFALL,2233,-34.1352,150.994957,13,483,40 to 59
WATERLOO,2017,-33.9004,151.206144,11,14619,20 to 39
WATSONS BAY,2030,-33.844806,151.282368,19,853,40 to 59
WATTLE GROVE,2173,-33.963316,150.936403,1,8960,20 to 39
WAVERLEY,2024,-33.897955,151.252059,17,4349,20 to 39
WAVERTON,2060,-33.839969,151.195808,11,3010,20 to 39
WEDDERBURN,2560,-34.127555,150.812698,19,627,40 to 59
WENTWORTHVILLE,2145,-33.805922,150.970183,42,11325,20 to 39
WERRINGTON,2747,-33.757725,150.739982,50,4028,20 to 39
WERRINGTON COUNTY,2747,-33.747939,150.751155,50,3642,20 to 39
WERRINGTON DOWNS,2747,-33.740586,150.733755,50,3240,20 to 39
WEST HOXTON,2171,-33.922272,150.839967,12,10015,40 to 59
WEST PENNANT HILLS,2125,-33.753676,151.039113,14,16367,40 to 59
WEST PYMBLE,2073,-33.760383,151.126038,6,5305,40 to 59
WEST RYDE,2114,-33.807712,151.088724,12,13397,20 to 39
WESTLEIGH,2120,-33.711956,151.072836,13,4463,40 to 59
WESTMEAD,2145,-33.805332,150.986608,42,16306,20 to 39
WETHERILL PARK,2164,-33.847512,150.913204,4,6147,20 to 39
WHALAN,2770,-33.760165,150.809528,12,5962,20 to 39
WHALE BEACH,2107,-33.614274,151.330438,6,248,60+
WHEELER HEIGHTS,2097,-33.732476,151.277439,13,2997,40 to 59
WILBERFORCE,2756,-33.558179,150.847506,12,3001,40 to 59
WILEY PARK,2195,-33.922464,151.068194,5,10127,20 to 39
WILLMOT,2770,-33.727621,150.791569,12,2445,5 to 19
WILLOUGHBY,2068,-33.801483,151.1986,15,6542,40 to 59
WILLOUGHBY EAST,2068,-33.802534,151.203505,15,1818,40 to 59
WINDSOR,2756,-33.608814,150.817481,12,1900,40 to 59
WINDSOR DOWNS,2756,-33.667695,150.803079,12,1183,40 to 59
WINSTON HILLS,2153,-33.776054,150.987795,15,11694,40 to 59
WISEMANS FERRY,2775,-33.408879,150.980048,0,229,40 to 59
WOLLI CREEK,2205,-33.930744,151.155272,8,6387,20 to 39
WOLLSTONECRAFT,2065,-33.828158,151.196621,22,8323,20 to 39
WOODBINE,2560,-34.049892,150.818872,19,2750,20 to 39
WOODCROFT,2767,-33.754986,150.879666,11,6448,20 to 39
WOODPARK,2164,-33.84063,150.961859,4,1519,20 to 39
WOOLLAHRA,2025,-33.885795,151.24413,16,7414,20 to 39
WOOLLOOMOOLOO,2011,-33.869283,151.220412,30,4014,20 to 39
WOOLOOWARE,2230,-34.048276,151.141431,25,3967,40 to 59
WOOLWICH,2110,-33.838393,151.172535,10,814,60+
WORONORA,2232,-34.020654,151.047946,18,2193,40 to 59
WORONORA HEIGHTS,2233,-34.034836,151.027656,13,2870,40 to 59
YAGOONA,2199,-33.907725,151.026108,11,18014,20 to 39
YARRAMUNDI,2753,-33.627259,150.672695,5,828,40 to 59
YARRAWARRAH,2233,-34.058462,151.03279,13,2726,40 to 59
YENNORA,2161,-33.860889,150.969356,8,1616,60+
YOWIE BAY,2228,-34.049866,151.104325,6,3095,40 to 59
ZETLAND,2017,-33.909938,151.206234,11,10071,20 to 39
